{
	"partitions" : [
		{
			"name" : "Top",
			"pins" : [
				{
					"name" : "data_out[0]",
					"strict" : false
				},
				{
					"name" : "data_out[1]",
					"strict" : false
				},
				{
					"name" : "data_out[2]",
					"strict" : false
				},
				{
					"name" : "data_out[3]",
					"strict" : false
				},
				{
					"name" : "data_out[4]",
					"strict" : false
				},
				{
					"name" : "data_out[5]",
					"strict" : false
				},
				{
					"name" : "data_out[6]",
					"strict" : false
				},
				{
					"name" : "data_out[7]",
					"strict" : false
				},
				{
					"name" : "write",
					"strict" : false
				},
				{
					"name" : "read",
					"strict" : false
				},
				{
					"name" : "clk",
					"strict" : false
				},
				{
					"name" : "reset",
					"strict" : false
				},
				{
					"name" : "data_in[0]",
					"strict" : false
				},
				{
					"name" : "wr_addr[0]",
					"strict" : false
				},
				{
					"name" : "wr_addr[1]",
					"strict" : false
				},
				{
					"name" : "wr_addr[2]",
					"strict" : false
				},
				{
					"name" : "wr_addr[3]",
					"strict" : false
				},
				{
					"name" : "rd_addr[0]",
					"strict" : false
				},
				{
					"name" : "rd_addr[1]",
					"strict" : false
				},
				{
					"name" : "rd_addr[2]",
					"strict" : false
				},
				{
					"name" : "rd_addr[3]",
					"strict" : false
				},
				{
					"name" : "data_in[1]",
					"strict" : false
				},
				{
					"name" : "data_in[2]",
					"strict" : false
				},
				{
					"name" : "data_in[3]",
					"strict" : false
				},
				{
					"name" : "data_in[4]",
					"strict" : false
				},
				{
					"name" : "data_in[5]",
					"strict" : false
				},
				{
					"name" : "data_in[6]",
					"strict" : false
				},
				{
					"name" : "data_in[7]",
					"strict" : false
				}
			]
		}
	]
}