{
	"partitions" : [
		{
			"name" : "Top",
			"pins" : [
				{
					"name" : "mux_out",
					"strict" : false
				},
				{
					"name" : "sel[2]",
					"strict" : false
				},
				{
					"name" : "mux_in[0]",
					"strict" : false
				},
				{
					"name" : "mux_in[1]",
					"strict" : false
				},
				{
					"name" : "mux_in[2]",
					"strict" : false
				},
				{
					"name" : "mux_in[3]",
					"strict" : false
				},
				{
					"name" : "sel[0]",
					"strict" : false
				},
				{
					"name" : "sel[1]",
					"strict" : false
				},
				{
					"name" : "mux_in[5]",
					"strict" : false
				},
				{
					"name" : "mux_in[4]",
					"strict" : false
				},
				{
					"name" : "mux_in[6]",
					"strict" : false
				}
			]
		}
	]
}